script,length
UNEMPLOYMENT_PROJECT,364
ΑΣΚΗΣΗ2.2_Charalampous,296
Τα_ζώα_στο_έργο_του_Franz_Marc,293
Γωνίες_-_Α΄_Γυμνασίου,288
test_Νεοελληνική_μουσική,279
papanikolaou,275
Ισότητα_τριγώνων_tropopoihsh_Kalamak,268
Citizenship_(modification)_-_Panagiotis_Paraskevopoulos,264
τα_βουνά_της_Ελλαδας_2-_Ευταξία,260
European_dimensions_,257
Citizenship_apontikas,250
Τα_συναισθήματα_Καραδήμου_Μαρία,242
SimulãoIII,235
group_grades,231
citizenship_ΑΘΑΝΑΣΟΥΛΑ,227
διαφήμηση_-διατροφή,216
Citizenship (1),206
Citizenship_29012014_1 (1),202
Η_ΚΥΡΑ_ΣΑΡΑΚΟΣΤΗ_papanikolaouthalia_Μετατροπή,181
citizen2,180
Τα_βουνά_της_Ελλ,176
Citizensh,174
Είδη_Δικτύων_και_Βασικές_Συσκευές_Δικτύων,169
citizenship-evaba,158
Simple_Past_Tense_-Michalopoulou,150
Mindmap_Looping,134
δοκιμή-νεοελληνική_μουσική,133
Η_γη_ως_ουράνιο_σώμα,129
Citizenship_Evangelos_Efthymiou,127
Η_μάχη_του_Μαραθώνα_ed,126
Citizenship-Πάκου,118
EMBEDDING,102
δοκιμή-Οι_εποχές_της_μουσικής,100
Kerkinopoulou_Kretaives_Schreiben_im_DaF_Unterricht,93
Citizenship_29012014_1,85
CSCL2009example,77
Medbiquitous+Demonstration+-+Bedside+Manner,67
LAMS_Tutorial_1-_Το_περιβάλλον_μάθησης_(για_μαθητές-εκπαιδευόμενους),64
Gestores.EAD.online,57
Descubriendo_la_Opera,55
My_first_Conference_DEF,49
Η_μάχη_του_Μαραθώνα,45
Οι_12_μήνες_του_χρόνου_ΕΥΓΕΝΙΑ_ΒΑΜΒΑΚΑ,37
HSIE_LAMS_LESSON-_Kelly_Scarfone,34
my_lams_sequence,23
Usher_Training_-_SCM,10
